username,eventid
demo1,1149
demo2,1149
demo3,1149
demo4,1149
demo5,1149
demo6,1149
demo7,1149
demo8,1149
demo9,1149
demo10,1149
demo501,1150
demo502,1150
demo503,1150
demo504,1150
demo505,1150
demo506,1150
demo507,1150
demo508,1150
demo509,1150
demo510,1150
demo1001,1151
demo1002,1151
demo1003,1151
demo1004,1151
demo1005,1151
demo1006,1151
demo1007,1151
demo1008,1151
demo1009,1151
demo1010,1151
demo1501,1152
demo1502,1152
demo1503,1152
demo1504,1152
demo1505,1152
demo1506,1152
demo1507,1152
demo1508,1152
demo1509,1152
demo1510,1152
demo2001,1153
demo2002,1153
demo2003,1153
demo2004,1153
demo2005,1153
demo2006,1153
demo2007,1153
demo2008,1153
demo2009,1153
demo2010,1153
demo2501,1154
demo2502,1154
demo2503,1154
demo2504,1154
demo2505,1154
demo2506,1154
demo2507,1154
demo2508,1154
demo2509,1154
demo2510,1154
demo3001,1155
demo3002,1155
demo3003,1155
demo3004,1155
demo3005,1155
demo3006,1155
demo3007,1155
demo3008,1155
demo3009,1155
demo3010,1155
demo3501,1156
demo3502,1156
demo3503,1156
demo3504,1156
demo3505,1156
demo3506,1156
demo3507,1156
demo3508,1156
demo3509,1156
demo3510,1156
demo4001,1157
demo4002,1157
demo4003,1157
demo4004,1157
demo4005,1157
demo4006,1157
demo4007,1157
demo4008,1157
demo4009,1157
demo4010,1157
demo4501,1158
demo4502,1158
demo4503,1158
demo4504,1158
demo4505,1158
demo4506,1158
demo4507,1158
demo4508,1158
demo4509,1158
demo4510,1158
demo5001,1159
demo5002,1159
demo5003,1159
demo5004,1159
demo5005,1159
demo5006,1159
demo5007,1159
demo5008,1159
demo5009,1159
demo5010,1159
demo5501,1160
demo5502,1160
demo5503,1160
demo5504,1160
demo5505,1160
demo5506,1160
demo5507,1160
demo5508,1160
demo5509,1160
demo5510,1160
demo6001,1161
demo6002,1161
demo6003,1161
demo6004,1161
demo6005,1161
demo6006,1161
demo6007,1161
demo6008,1161
demo6009,1161
demo6010,1161
demo6501,1162
demo6502,1162
demo6503,1162
demo6504,1162
demo6505,1162
demo6506,1162
demo6507,1162
demo6508,1162
demo6509,1162
demo6510,1162
demo7001,1163
demo7002,1163
demo7003,1163
demo7004,1163
demo7005,1163
demo7006,1163
demo7007,1163
demo7008,1163
demo7009,1163
demo7010,1163
demo7501,1164
demo7502,1164
demo7503,1164
demo7504,1164
demo7505,1164
demo7506,1164
demo7507,1164
demo7508,1164
demo7509,1164
demo7510,1164
demo8001,1165
demo8002,1165
demo8003,1165
demo8004,1165
demo8005,1165
demo8006,1165
demo8007,1165
demo8008,1165
demo8009,1165
demo8010,1165
demo8501,1166
demo8502,1166
demo8503,1166
demo8504,1166
demo8505,1166
demo8506,1166
demo8507,1166
demo8508,1166
demo8509,1166
demo8510,1166
demo9001,1167
demo9002,1167
demo9003,1167
demo9004,1167
demo9005,1167
demo9006,1167
demo9007,1167
demo9008,1167
demo9009,1167
demo9010,1167
demo9501,1168
demo9502,1168
demo9503,1168
demo9504,1168
demo9505,1168
demo9506,1168
demo9507,1168
demo9508,1168
demo9509,1168
demo9510,1168
